input1,input2,output1,output2
0.20929501520816746,(0.05365696150212711+0.9763792946859188j),(0.1859351258582564+0.6904044202825516j),(0.11005272318621719-0.6904044202825516j)
0.4823083527585396,(0.8446007558876549+0.23243970403815695j),(0.9382664287419215+0.1643596909423749j),(-0.25617941502496777-0.1643596909423749j)
0.9970446003169333,(-0.01367213808107157-0.07559852921280168j),(0.6953493364790899-0.05345623265410137j),(0.714684659579979+0.05345623265410137j)
0.9999859983987442,(-0.005009294030824517+0.0017058662841566673j),(0.7035547747811988+0.0012062296173246773j),(0.7106389863375053-0.0012062296173246773j)
0.9138959130915812,(-0.1610944384852178+0.37261621264195866j),(0.532311027581392+0.2634794507391775j),(0.7601329673100654-0.2634794507391775j)
0.4927875734612358,(-0.8637682975895715-0.10518904658471073j),(-0.262322985720642-0.0743798881465966j),(0.9592298554784495+0.0743798881465966j)
0.5090833825593597,(-0.8505860230452449-0.13167204335771016j),(-0.241478832880681-0.09310619475092595j),(0.9614314568748983+0.09310619475092595j)
0.5262004751095183,(-0.8502077651500879+0.016118811153745045j),(-0.22910775194156324+0.011397720671478479j),(0.9732676003686103-0.011397720671478479j)
