input1,input2,output1,output2
0.436185457455316,(0.8911304830901765-0.12501483436762773j),(0.9385541023367181-0.08839883713026261j),(-0.32169471269349753+0.08839883713026261j)
0.998250387200253,(-0.05199315352032997-0.028158061750698616j),(0.669104906681897-0.01991075640898854j),(0.7426343295408941+0.01991075640898854j)
0.46561260770209445,(-0.44311313196779323+0.7660650441225918j),(0.0159095318648666+0.5416897875290564j),(0.6425661327593388-0.5416897875290564j)
0.9308075027876092,(-0.19943875099686925+0.3063030808775906j),(0.517155803939173+0.2165889855868758j),(0.7992047904616961-0.2165889855868758j)
0.9932826899158869,(0.0156651331503532-0.11464772791835762j),(0.7134338475535432-0.08106818585870093j),(0.6912800037959334+0.08106818585870093j)
0.9745079324516202,(0.20513401959246308-0.09085330811097311j),(0.8341328236625072-0.06424299025849985j),(0.5440295110507378+0.06424299025849985j)
0.996761393226051,(-0.0009440906173302303+0.08041040770303305j),(0.7041491674975227+0.05685874456478966j),(0.7054843132526603-0.05685874456478966j)
0.2446162304109021,(0.9486521152621045+0.20055439169535844j),(0.8437681390006362+0.14181337036453096j),(-0.49782854837695645-0.14181337036453096j)
