input1,input2,output1,output2
0.24757394442983746,(0.9377061964974236-0.2437503458249588j),(0.838119625255413-0.17235752244939442j),(-0.48799719535253383+0.17235752244939442j)
0.8460589887307399,(0.11992665877426123+0.519424473916237j),(0.6830550018796642+0.3672885678204261j),(0.5134530945510136-0.3672885678204261j)
0.34164135416577973,(0.9213568870038505-0.1854256505835863j),(0.893074620957728-0.13111573493358117j),(-0.4099207844289725+0.13111573493358117j)
0.449506061563225,(-0.8778442487630039-0.1653292942331625j),(-0.3028808368101165-0.11690546508105516j),(0.9385784054417445+0.11690546508105516j)
0.22609585972697321,(-0.3706406046044406+0.9008363916010362j),(-0.10220856928773664+0.6369875212407129j),(0.421956400510027-0.6369875212407129j)
0.6961312257383658,(-0.3064886926613132+0.6492041264677539j),(0.27551887737748754+0.45905664019963777j),(0.7089593432531158-0.45905664019963777j)
0.6453321863323395,(0.6622621760207461-0.38072979853931704j),(0.9246088406611663-0.26921662234693916j),(-0.011971310514090616+0.26921662234693916j)
0.9053042104959946,(0.1977936905024693+0.37590150632264996j),(0.7800080061086606+0.26580250417898366j),(0.5002854864482421-0.26580250417898366j)
