input1,input2,output1,output2
0.4748272820153406,(0.38476741900497863-0.7915131619412096j),(0.6078252421634905-0.5596843242070352j),(0.06368193984735848+0.5596843242070352j)
0.3884092065930633,(0.40119195337626873-0.8295681435420967j),(0.5583323346470785-0.5865932597549518j),(-0.009038766932595088+0.5865932597549518j)
0.6650699950172672,(0.6913095309064529+0.2824412048650696j),(0.9591051606432568+0.19971609124658957j),(-0.018554153762431025-0.19971609124658957j)
0.9883843482002782,(-0.07928075784657485+0.1296570154985216j),(0.6428333135401408+0.0916813548874139j),(0.7549532365219841-0.0916813548874139j)
0.9865240351487684,(-0.13782214027122636-0.08817814766057389j),(0.6001228650737823-0.062351366163260494j),(0.7950328050406378+0.062351366163260494j)
0.7511863299370607,(0.5573526579942629-0.35366242710022183j),(0.9252767918132208-0.2500771004534599j),(0.13706110385304093+0.2500771004534599j)
0.7374565970861958,(-0.6475681575983349+0.19186778958112394j),(0.06356072511214311+0.13567101510408633j),(0.9793603961486661-0.13567101510408633j)
0.12782563740962558,(0.9828471417292867-0.13293646006793744j),(0.7853642538084334-0.09400027238097325j),(-0.6045915037647552+0.09400027238097325j)
