input1,input2,output1,output2
0.5302795898483088,(0.47692819582453877-0.7009586668398214j),(0.7122034553131572-0.4956526266539196j),(0.03772513249996323+0.4956526266539196j)
0.7610308341699612,(-0.07806590657159748+0.6440013848383618j),(0.48292913161738243+0.45537774631273303j),(0.5933309954498865-0.45537774631273303j)
0.9488142715658116,(-0.26858914850895893-0.16616662533815532j),(0.4809917972469542-0.11749754758349401j),(0.8608342137745653+0.11749754758349401j)
0.3371104856456539,(-0.617552802823716-0.7106230056734187j),(-0.19830266420827636-0.5024863461788408j),(0.6750488850265406+0.5024863461788408j)
0.06285748026691375,(-0.7093891774057459+0.7020084986338084j),(-0.45716694729891544+0.49639496983455306j),(0.546060848388984-0.49639496983455306j)
0.6080162681736935,(-0.4777472599386458-0.634092874315152j),(0.09211409910144835-0.4483713713303132j),(0.7677507534932657+0.4483713713303132j)
0.9996840709093315,(-0.02363105329328449-0.008563392458402899j),(0.6901737075538995-0.006055232877298429j),(0.7235930636144238+0.006055232877298429j)
0.35696029006486346,(-0.8039760399866672-0.47560685281455456j),(-0.3160878680668973-0.33630483080396373j),(0.8209059515052612+0.33630483080396373j)
