input1,input2,output1,output2
0.241957656664534,(-0.03445390247539619+0.9696749047931598j),(0.1467273117088058+0.6856637007256631j),(0.19545248786619104-0.6856637007256631j)
0.8701967470925539,(0.06744579916785365+0.4880662716518601j),(0.6630134027897553+0.3451149703534659j),(0.5676306388814846-0.3451149703534659j)
0.9996919041918855,(-0.012645882193343543-0.021358332255918856j),(0.697946935498375-0.015102621572995594j),(0.715830913604374+0.015102621572995594j)
0.9325661969422887,(0.3585033622380671-0.04237484613066583j),(0.9129240402799561-0.029963541050730343j),(0.40592372324652715+0.029963541050730343j)
0.9051522759413057,(0.1998622054711787-0.3751725685367613j),(0.7813632331161038-0.26528706732751867j),(0.49871539153296474+0.26528706732751867j)
0.7744339188236855,(0.6291927069104226+0.06609571049716j),(0.9925139053105799+0.046736725099884704j),(0.10270104585162054-0.046736725099884704j)
0.6689977088042539,(-0.14481649575652597-0.729020060198249j),(0.37065209031663876-0.5154950281872069j),(0.5754535426708636+0.5154950281872069j)
0.8314767903724548,(0.5551338396091264-0.02174321026779303j),(0.9804817793253267-0.015374771425121418j),(0.19540397441784968+0.015374771425121418j)
