input1,input2,output1,output2
0.4035065117535898,(0.5234269382993135+0.750471008923767j),(0.6554409282410498+0.5306631394939055j),(-0.08479654681326448-0.5306631394939055j)
0.6155025816718261,(-0.5071328139349475-0.6033016500770896j),(0.07662899764235803-0.4265986878705436j),(0.7938231010335921+0.4265986878705436j)
0.9388827588251514,(-0.26237323212411634-0.222844008772094j),(0.4783644738676035-0.15757450974954215j),(0.8494162571411931+0.15757450974954215j)
0.18586939051926107,(0.9323368456936723-0.3101621766591988j),(0.7906912123912515-0.21931777838329938j),(-0.5278321994888913+0.21931777838329938j)
0.8279514087233921,(-0.1924191213373547+0.526755490276761j),(0.4493891900736648+0.3724723792019422j),(0.721510921128866-0.3724723792019422j)
0.8933170076120713,(-0.20389394456914148-0.4005146480205816j),(0.48749572298405636-0.28320662357989645j),(0.7758453046794842+0.28320662357989645j)
0.709949377758694,(0.20934971129608357+0.6724169684059806j),(0.650042619809249+0.47547059814476933j),(0.3539774188154357-0.47547059814476933j)
0.15699887632105447,(0.9415368242092412-0.2980935448678864j),(0.7767820432204865-0.21078396700401883j),(-0.5547521030499151+0.21078396700401883j)
