input1,input2,output1,output2
0.49139662759266234,(0.13169285211447315+0.8609218007998832j),(0.4405907963869132+0.6087636434169315j),(0.2543489788590309-0.6087636434169315j)
0.9998473186421871,(0.015607284947623052+0.00785824793401884j),(0.7180348361854522+0.005556620402389898j),(0.6959628021407022-0.005556620402389898j)
0.8096403108714632,(-0.47210694642519485-0.34870847157624174j),(0.23867213087666656-0.24657412490875696j),(0.9063321774017252+0.24657412490875696j)
0.5207028009320612,(0.5504724475083533+0.6525708219309758j),(0.7574352820114019+0.46143725339187197j),(-0.02105031896762305-0.46143725339187197j)
0.07822235894059408,(-0.9716579661526838+0.22307411184133177j),(-0.6317543764131893+0.157737217190172j),(0.7423774973077938-0.157737217190172j)
0.30804995318029715,(-0.9445045972402706-0.11408896588895436j),(-0.4500413947324776-0.08067308143864033j),(0.8856898164084507+0.08067308143864033j)
0.290798647820924,(0.8567476131007403-0.42593388439017915j),(0.811437742822976-0.30118073798942263j),(-0.400186351154868+0.30118073798942263j)
0.9431536762697692,(-0.22442620434739174+0.2451408202259308j),(0.508217069221377+0.17334073632738803j),(0.825603651161374-0.17334073632738803j)
