input1,input2,output1,output2
0.48294067802228086,(0.6300102882116777-0.6081573301858807j),(0.7869751753521523-0.4300321722027424j),(-0.10399391867138469+0.4300321722027424j)
0.9347380541213396,(0.31144558021753+0.17107431350269306j),(0.8811848984447116+0.1209678071645876j),(0.440734334959923-0.1209678071645876j)
0.05239120180232525,(-0.6259724209278852+0.7780833440007507j),(-0.4055831696049304+0.550188008871236j),(0.47967551774280454-0.550188008871236j)
0.9123889629278477,(0.07093924232444451+0.4031302571451075j),(0.695318042065893+0.28505613852878214j),(0.5949948034661922-0.28505613852878214j)
0.6098773574927329,(0.49471798827928326+0.6191152727001493j),(0.7810668594624918+0.43778060766243415j),(0.08142997088799553-0.43778060766243415j)
0.7350080338087002,(-0.6758621457219842+0.054530268812320835j),(0.041822458545417496+0.03855872285711736j),(0.9976358713200286-0.03855872285711736j)
0.9931614319369261,(-0.11657631491389604+0.0063508199542083145j),(0.6198392805341878+0.004490707855715538j),(0.7847030861368965-0.004490707855715538j)
0.578894236508734,(-0.09375949099140811-0.8099942103410381j),(0.3430420683445111-0.5727523988539908j),(0.4756380121057585+0.5727523988539908j)
