input1,input2,output1,output2
0.49464931496831954,(0.8673828292772555-0.05448928955634791j),(0.8673828292772555-0.05448928955634791j),(0.49464931496831954+0j)
0.8607626380940953,(0.22507380919089764-0.45654075533033506j),(0.22507380919089764-0.45654075533033506j),(0.8607626380940953+0j)
0.8810124906469644,(0.4536951598302138-0.13408092060643542j),(0.4536951598302138-0.13408092060643542j),(0.8810124906469644+0j)
0.20358532592656003,(-0.9609407138940976+0.1874725565198236j),(-0.9609407138940976+0.1874725565198236j),(0.20358532592656003+0j)
0.9251413292199797,(-0.37947100773189796-0.010736631689078211j),(-0.37947100773189796-0.010736631689078211j),(0.9251413292199797+0j)
0.6754541267862787,(0.733924324431402-0.07153187132527726j),(0.733924324431402-0.07153187132527726j),(0.6754541267862787+0j)
0.31258582284214614,(-0.8132635391133761+0.4908080269381142j),(-0.8132635391133761+0.4908080269381142j),(0.31258582284214614+0j)
0.9673775298075163,(0.24857228837494816+0.04891351833133128j),(0.24857228837494816+0.04891351833133128j),(0.9673775298075163+0j)
